model,train mae,test mae
Catboost,35.76047176128245,95.64639660291708
