model,train mae,test mae
LightGBM,27.694203443345135,104.25689464761929
